"","baseMean","log2FoldChange","lfcSE","stat","pvalue","padj"
"g1015",722.230451736341,1.14670693711943,0.349419450133846,3.28174901734914,0.00103165386771835,0.00601924517672435
"g1017",13.5691027549534,-5.95657015270165,2.33714150440587,-2.54865618597445,0.0108138852180881,0.0411550020170404
"g1018",707.809639461029,1.00539357805831,0.336853029655456,2.98466538682066,0.0028388868630782,0.013991656682314
"g1021",185.003858212668,-8.62995902507651,1.31606766681471,-6.55738245280628,5.47604440842007e-11,1.7040161717966e-09
"g1025",448.553157736723,1.22400291860724,0.480676241658811,2.54641859223834,0.010883459345157,0.0412861282140881
"g1026",738.335647971523,1.41740607298857,0.359451912092389,3.94324254595773,8.03872816652025e-05,0.000650890897972839
"g1027",108.118845713366,1.16662531944775,0.456626769474302,2.55487719388603,0.0106225268139398,0.0407196861201027
"g1032",530.981114447612,1.51552964619278,0.578012291208611,2.62196785300853,0.00874236768708918,0.0349474496710593
"g1054",30.7693699903934,-5.01722066387231,1.74313408502362,-2.8782758061921,0.00399855382253881,0.0186638379893208
"g1061",599.066300854915,-2.42610799368281,0.60147828967057,-4.03357533488299,5.49345579071109e-05,0.000471249423776135
"g1069",334.543517558151,1.22191186893093,0.377064759343309,3.24058888732799,0.00119283076846683,0.00676079439127448
"g1072",52.5038344149682,-4.70413305416923,1.64213451279127,-2.86464538533645,0.00417476464941059,0.0192597427285308
"g108",2140.36852725466,-1.56525431701342,0.357166014331245,-4.38242793045186,1.17363995712202e-05,0.000123488496329754
"g109",12.7738889918176,-7.73649184394262,2.84358046509689,-2.72068680274852,0.00651464521872366,0.0272790025385605
"g1092",1434.0759668877,-1.97814367243927,0.358333627734022,-5.52039641087654,3.38235743841477e-08,6.54609909117591e-07
"g1093",62.5342662807333,-3.44691375498998,1.38688547568656,-2.48536293401128,0.0129419414913127,0.0464680116441475
"g1095",165.789780656863,1.48202564395561,0.593553017384678,2.49687155241117,0.0125294332125035,0.0452423190606363
"g1104",142.533320482818,-5.39326967911246,1.26581735769661,-4.26070131391349,2.03786428028294e-05,0.000199635223012903
"g1106",8.74348175248186,3.85784873342912,1.39280077929156,2.76984963735546,0.0056082176059599,0.0241724917199857
"g111",36.9679853333067,-4.37522439531829,1.54973525463985,-2.8232076299607,0.00475457691784852,0.0215586101960731
"g1116",42.1357785042374,1.27553514736366,0.455232789440212,2.80194040708745,0.00507962558109846,0.022580856574799
"g112",670.639884223199,1.49045925244599,0.479514041520035,3.10827029740633,0.0018818586927518,0.0100119939352766
"g1120",23.1632137587405,-5.17382825232497,1.99065419997964,-2.5990592702529,0.00934796312902126,0.0370880437143918
"g1129",314.961256446286,1.44060196565102,0.584365419526721,2.46524164078321,0.0136920878455521,0.0482874298019803
"g1133",268.470996759644,2.86799508188115,0.922905776786628,3.10757084202781,0.00188631769795066,0.0100119939352766
"g114",128.708653974947,-4.17430009986849,0.365221062726294,-11.4295163282979,2.97762734524775e-30,5.2505495521202e-28
"g115",160.069914453863,-2.73237240758415,0.482658998214484,-5.66108249860069,1.50421086114549e-08,3.18291018218386e-07
"g116",84.0900411513201,1.78883741227887,0.497437330024025,3.59610609077625,0.000323016106635257,0.0021629812710133
"g118",156.811971678912,-5.01587926129769,1.3984162934491,-3.58682838922474,0.000334724453217918,0.00223196515654133
"g1181",642.042138379423,1.2673455067561,0.350686064941773,3.61390324125517,0.000301621662381501,0.00205439303948259
"g1185",346.777145938835,-1.83297573856865,0.366115038561842,-5.00655680730534,5.54123132502354e-07,8.46683548211375e-06
"g1186",8784.06104020642,3.0984251222994,0.614829271742265,5.03948862668701,4.66777365579227e-07,7.48258261792156e-06
"g1193",105.530434509562,-3.75898195254175,0.974838048631779,-3.85600660316616,0.00011525437564067,0.000892237532398749
"g1196",545.570048708904,-1.04425310497225,0.420654087892851,-2.48245086646642,0.0130482061044667,0.0466385204679926
"g1197",27.0338058475939,-5.29536400404008,1.8433151983431,-2.87273929537386,0.00406929769033936,0.0188829691069256
"g1198",34.2717775967797,1.97248179196294,0.619028912667264,3.18641302788901,0.00144048790421532,0.00792024686944854
"g1199",160.424438115438,3.07943167893904,0.765525934621485,4.02263534084142,5.75505640923003e-05,0.000488410402216473
"g1221",417.182129468533,2.30040793486767,0.605212863679192,3.80098982180105,0.000144119222648964,0.00109434070021007
"g1222",2496.66462446655,2.31508972776795,0.599278434722432,3.8631287121824,0.000111943985877377,0.000870858360722539
"g1226",302.44533412926,-6.4256681896189,1.43718336296303,-4.47101487201408,7.7849283960672e-06,8.52046990659217e-05
"g1266",314.828847031158,1.99833160633991,0.609719929354009,3.27745823964967,0.00104746223585211,0.00608909365676666
"g1268",466.901475147706,1.69819345514747,0.60884681977229,2.7891965597892,0.00528389852519172,0.023100680329144
"g1272",82.0277608830118,-5.01939098954284,1.55248375679504,-3.23313591370832,0.00122439295758484,0.00689046675066361
"g1276",75.9073416807118,-1.00815334702049,0.380448204835063,-2.64990959139249,0.00805133128227142,0.0324301084897582
"g1277",112.512713439869,1.41160255607656,0.433002567633712,3.26003276098509,0.00111399345545601,0.00638233795598806
"g1280",158.696548982426,-2.5935452790277,0.798207112176114,-3.24921344280815,0.00115724609239042,0.00658261486961865
"g1282",122.024588589243,-2.42350608345931,0.611091607147316,-3.96586380031084,7.31306153425307e-05,0.000607635008107834
"g1283",100.306866897457,-4.06126700769838,1.6116467838654,-2.51994856959772,0.01173719824177,0.0428205370337678
"g1290",675.985371352332,9.71570451457881,0.817988373202342,11.8775582060449,1.54824103432971e-32,3.07132315185156e-30
"g1292",48.0359224978655,-2.81097518189658,0.610738606905042,-4.60258308565326,4.17283010504102e-06,4.76423120625906e-05
"g1293",666.570460437832,-1.31185125717206,0.494536601619112,-2.65268789585453,0.00798536694923223,0.0322462527949912
"g1294",1349.78478739151,1.37877989858544,0.383274948748817,3.59736503282149,0.000321457202517966,0.00216166347625429
"g1295",812.279606393192,-2.13068351684636,0.569068938778718,-3.74415711639267,0.00018100036925519,0.00134858021599994
"g1296",4422.95037084525,3.46238449591184,0.510279173154915,6.78527495940089,1.15865627335363e-11,3.99736414307001e-10
"g1297",287.171957112594,-3.83093459636724,0.503250963303032,-7.61237409507043,2.69106299278542e-14,1.37765063533886e-12
"g1298",7679.87952597854,1.14378673272021,0.377644989977436,3.02873535483297,0.00245579706863157,0.012372539517201
"g1302",380.044720980118,-2.448683023101,0.305143021719172,-8.02470595363823,1.01769416227804e-15,5.98178013161203e-14
"g1303",23.8757611503099,-5.32519295011895,1.79174092259115,-2.9720775380951,0.00295791972043362,0.0143994435470189
"g1304",555.896387762842,-2.46570784461405,0.403950670942817,-6.10398254534176,1.03457589410619e-09,2.69721848717096e-08
"g1306",1199.59683219021,1.56165304698524,0.363675217963871,4.29408705858087,1.75413637667828e-05,0.000172907728558288
"g1321",35.9786021407077,-7.7211840095801,1.60784669512691,-4.80218918444253,1.56940309692734e-06,1.99251417185894e-05
"g1327",26.0356379291567,-4.48059756081534,1.67097680469985,-2.68142415155796,0.00733095311897564,0.0301404730565139
"g1330",862.995799280161,-1.09594602703354,0.248541816081847,-4.40950357694591,1.0360784728245e-05,0.000111854186147788
"g1332",170.917671458409,1.71654783770964,0.521406958077995,3.29214601208461,0.000994259769211835,0.00583318603121353
"g1339",927.821993177067,1.86909601289857,0.471519092768255,3.96398797326581,7.37079674811303e-05,0.000609242418711218
"g1341",184.363019264166,-0.706889347790609,0.278758657901447,-2.53584714861313,0.0112175684409238,0.0416897287307189
"g1349",15.7290938213151,-6.32839767643832,1.88203977735735,-3.36252068238658,0.000772343402089151,0.00469620298511679
"g1353",2525.26933479681,1.20343704895843,0.308226134677513,3.9043965243815,9.44607967124319e-05,0.000757117597892068
"g1355",261.125372117055,-1.51635930304698,0.242019323389364,-6.26544724533188,3.71756846363145e-10,1.0535323485327e-08
"g1364",159.611306931868,-1.63686930768498,0.521415918636597,-3.13927758854214,0.00169364927187455,0.00911125896428782
"g1372",42.8661894433206,-5.06098916957453,1.46202420748956,-3.46163158150762,0.000536911588550505,0.00342200277521948
"g1377",119.507863271122,-3.37877334344229,1.24163914832708,-2.72122004850981,0.00650414498664654,0.0272790025385605
"g1384",835.960616831496,1.99835647706463,0.542887457864855,3.68097742564187,0.000232341577189907,0.00166844381448137
"g1385",28.2558236584743,-3.58623959307897,0.822913686638328,-4.35797781870546,1.31269683954154e-05,0.000133541659253361
"g1387",115.71571951423,-3.97591542637737,1.57565160432824,-2.52334679535484,0.0116243700260935,0.0426047926822411
"g1392",453.534513400162,-1.9618554730159,0.382865796156445,-5.1241335546575,2.98909063136391e-07,4.89039879585002e-06
"g1395",11.9614790827416,-5.81580680394409,2.25319460257802,-2.5811382635525,0.00984751332598211,0.038398043361999
"g140",743.557681346357,1.78538683594304,0.412920545232619,4.32380237931063,1.53362687491023e-05,0.000152116615655158
"g1402",264.977357873971,-1.45657920560125,0.234883426175702,-6.20128558799065,5.60037806676189e-10,1.53237930895709e-08
"g1408",331.822324344343,3.39922319162382,0.757095472653707,4.4898210521708,7.12830327887975e-06,7.9109211913162e-05
"g1410",317.150471143135,-2.12651466896475,0.646037159524239,-3.29162903033438,0.000996089108039614,0.00583318603121353
"g1412",11.8799933097176,-7.91993635387326,2.70531933997094,-2.92754213406774,0.00341652765318784,0.0162336209149973
"g1447",58.6603663434389,-3.67669231015983,1.04759263744858,-3.5096584098896,0.000448682703951341,0.00290636510681951
"g1456",3099.73055550649,5.66279369279354,0.199849308313416,28.3353179482253,1.26961378065886e-176,2.01487706990561e-173
"g1464",15.1730206832334,-6.30775452380586,2.28464165238845,-2.76093824920485,0.00576355727260784,0.0246414362787205
"g1467",1099.67227377697,7.00156264632458,0.639286218769453,10.9521563906097,6.48842786802405e-28,1.02971350265542e-25
"g1469",1638.61821432365,1.55914028480287,0.616134212961543,2.53052054569186,0.0113893414366685,0.041937087842211
"g147",492.952994562061,-1.28911102871356,0.353993790048368,-3.64162046045333,0.000270927300866215,0.00191459966801216
"g1478",578.811020178856,-6.6246391808763,1.77769484635009,-3.72653337803044,0.000194131374584453,0.00141975341689183
"g1480",207.351701984714,2.37210362068045,0.287915320606137,8.23889335130399,1.73810784142545e-16,1.10335085773688e-14
"g1487",360.35897672162,3.62608394321036,0.685696814257772,5.28817382232612,1.23543550991831e-07,2.21740087720602e-06
"g1491",104.813921572397,1.29453668416488,0.491019358401472,2.63642697994491,0.00837842305704241,0.033662170611459
"g1503",577.379554638599,-2.00544103035523,0.419789750991147,-4.77725105393895,1.77707849129221e-06,2.20329966068808e-05
"g1506",40.7416194097961,-4.87827187385001,1.91739851884563,-2.544213853251,0.0109524007423636,0.0412861282140881
"g1507",56.5106608084192,-4.0834731438476,1.59036504757071,-2.56763260113464,0.0102395618248202,0.0393466939854469
"g1529",29.3356043753315,-7.04557868029619,2.02869757267169,-3.47295662754579,0.000514758534647594,0.00329403949389408
"g1542",53.9675714101765,-2.34260564452747,0.943250173676782,-2.48354647568843,0.0130081358786541,0.0466002520077294
"g1545",2832.25871404926,1.24485314692132,0.50440382134138,2.46796930207792,0.0135881972063188,0.0481351171577036
"g1552",18.528335344116,-5.14686827000749,1.28413836163151,-4.00803248605417,6.12266997782812e-05,0.000516844534830491
"g1556",32.8457204292826,-2.59488750315501,1.00947636998559,-2.57052822662115,0.0101543551357016,0.0393047843911182
"g156",40.5350779304767,-2.82666215748544,0.907845806446827,-3.11359279011111,0.00184824382769243,0.0098759695439323
"g1562",1053.27891812576,-2.31798223326174,0.278577806772652,-8.32077134972006,8.73926946821277e-17,6.03009593306681e-15
"g1564",8.65435075996083,-4.76764970200162,1.79125756642441,-2.66162152856581,0.00777652628102675,0.0315635478465204
"g1565",102.289814740638,2.54283550447931,0.45886749484113,5.5415463790036,2.99812142925927e-08,5.87409717065982e-07
"g1577",11.0044646197928,-7.71991157547064,2.7583511462042,-2.79874140973462,0.00513022042518238,0.022615721707679
"g1578",213.325547967058,-3.7858666198267,1.09867288150825,-3.44585425156713,0.000569257295258507,0.003613645310301
"g1584",46.0707804046183,-5.9502832950817,1.2828490146908,-4.63833485230207,3.51227419561504e-06,4.06859791857013e-05
"g1594",94.6644259772184,-2.63563334808179,0.542224699135687,-4.86077700311885,1.16925907260337e-06,1.55933962035424e-05
"g1603",731.784540434715,2.21165048302339,0.362348894831891,6.10364903706818,1.03673804484832e-09,2.69721848717096e-08
"g1604",665.555009333322,-2.56141014509255,0.494369641552938,-5.18116391015946,2.205056136912e-07,3.68360430450457e-06
"g1609",409.300634753999,-1.63911520866015,0.317086815847754,-5.16929473802896,2.34979060642516e-07,3.88449759624659e-06
"g1613",62.4924172651721,-3.73797326686895,0.817646468701704,-4.57162528054976,4.83955806675673e-06,5.48598475138781e-05
"g1622",21.9415253736106,-4.87128977049962,1.82621348090831,-2.66742624639742,0.00764346633846798,0.0311829847793025
"g1627",48.2858237836617,-5.92787414743681,1.09723888711654,-5.40253742101214,6.57047444464823e-08,1.21248173763451e-06
"g1639",198.242201632672,1.46590403498912,0.567306419192956,2.5839722333382,0.00976696571117694,0.0382720360089822
"g1681",118.373776467924,-6.45468398388953,2.54382483914297,-2.53739325309212,0.0111681421753827,0.0416897287307189
"g1683",205.36395411622,-8.35211743800203,2.94457119510486,-2.83644608487879,0.00456186798629235,0.0208636440756368
"g1685",71.9865340976509,-2.66439414923931,0.533247271266798,-4.99654530422574,5.83664682767181e-07,8.8216747766811e-06
"g1686",583.677303665012,2.0898683395539,0.813851660377369,2.56787378007543,0.0102324406722663,0.0393466939854469
"g1687",8005.9253117096,2.72144623185932,0.955165644024766,2.84918772872944,0.00438310094389429,0.0201039919016192
"g172",3364.59990832365,2.42662929122787,0.889178588370006,2.72906851668148,0.00635135060370949,0.0267363220373659
"g180",19.2095422184089,-4.9944993169809,1.45982596988183,-3.4212977574205,0.000623230583112058,0.00389396431259384
"g1827",218.337975556923,-5.52009367013339,1.21504155590215,-4.54313158535127,5.54246297986374e-06,6.23821897095302e-05
"g1830",448.149428188348,-1.91676898851421,0.739837731600214,-2.59079647690904,0.00957541021222003,0.037707632771199
"g1834",910.481235809842,-0.734165515210832,0.197264456211712,-3.72173238559965,0.000197860657912896,0.00144038928489801
"g1836",68.6473032526938,-3.75324537428297,0.43432677857494,-8.64152421501079,5.54679893004644e-18,4.40138495099185e-16
"g1837",20.052313240045,-2.8816792424639,1.02564772263919,-2.80961891578989,0.00496001917486094,0.0221733814943783
"g1839",355.19206977105,-2.64286847128891,0.451458965470093,-5.85406132877869,4.79711593777675e-09,1.13627208854503e-07
"g184",1483.81880940564,2.41937068190774,0.634964820451382,3.81024366072418,0.000138829895068649,0.00105924540131705
"g1842",64.1867893624279,-6.2418186556056,1.95262711690439,-3.19662602325278,0.0013904507221009,0.00768865956785409
"g1847",4689.82742421096,-1.9884829826052,0.279448939666108,-7.11572920971211,1.11322672135764e-12,4.64918633366993e-11
"g1848",7.84016559095267,-4.46851365397952,1.65758412649721,-2.69579901408826,0.00702200219113567,0.0291725588411841
"g1882",978.157652803469,-0.99254276239959,0.195220533933739,-5.08421292780847,3.69153631274621e-07,5.97802870237575e-06
"g1884",109.4666003738,-1.55150783672269,0.396074132960398,-3.91721576242856,8.95775687463671e-05,0.000721622343149668
"g191",940.025566568732,-1.4010976593226,0.322008737959525,-4.35111689266864,1.35445815438562e-05,0.000136912426178979
"g192",98.4009345419233,-6.10407265872718,1.28742501749007,-4.74130343577409,2.1234761704736e-06,2.57248601720734e-05
"g1946",534.570235949074,-1.94263711518979,0.565239991810084,-3.43683593400536,0.000588551995116364,0.00370647625495901
"g1950",37.7255708035581,-8.79471850944019,1.81073409774675,-4.8569906097114,1.19183243931687e-06,1.57619840099656e-05
"g1955",56.8626993730543,-0.980620480332209,0.387791282389295,-2.528732658172,0.0114475186665623,0.0420537317681349
"g1958",428.71585287245,-5.15345765850154,0.584269740816359,-8.82033981650492,1.14112881544787e-18,1.0060952389532e-16
"g1959",208.268458007383,-4.10701137273378,0.996645956670248,-4.12083282458209,3.77505285581868e-05,0.000339245164483567
"g1962",667.327868114218,1.78855017467527,0.362691492337143,4.93132651982008,8.1673081889297e-07,1.15606516746669e-05
"g1963",194.027042826342,0.681266335659128,0.269150581791894,2.53117169995895,0.011368218398996,0.041937087842211
"g1966",59.5532841797259,-8.18434266533258,1.67089074245337,-4.89819140018425,9.67227963802374e-07,1.32326791254687e-05
"g197",84.0945896160901,1.48806583954836,0.540688147433353,2.75217026045828,0.00592017325386802,0.0251885119407199
"g1970",57.5673152436113,-5.95339753138093,1.69096047834976,-3.52071950090222,0.000430377621350234,0.00281073779869474
"g198",94.542748686488,-6.44355955001886,0.973377509505572,-6.61979497892022,3.59697392622529e-11,1.14167952418391e-09
"g1987",2135.19981011066,-7.43604724801156,1.0927536755857,-6.80487049748511,1.01140175732904e-11,3.56687686418041e-10
"g1988",1658.83794622809,-5.9589088722547,0.701353167019215,-8.49630279361303,1.95725018822161e-17,1.47912192795604e-15
"g2001",117.203194330537,3.89225823550286,1.21572410674245,3.20159665660675,0.00136668215453033,0.00761026168154258
"g2002",76.9724812810661,1.58465922483663,0.642120949191024,2.46785162021744,0.0135926650348976,0.0481351171577036
"g2003",17.7085705475217,2.5936798776723,0.867649887558279,2.98931621482874,0.00279602599198092,0.0138665414039804
"g2005",38.1925838289092,-2.41024502590037,0.87320435156178,-2.76023020452142,0.00577606445852807,0.0246414362787205
"g2007",1031.86807615888,-6.81134519354635,0.999279267383352,-6.81625789293327,9.34424915631504e-12,3.37030077524363e-10
"g2010",550.771514475262,1.99635605559277,0.482124756227275,4.14074579205321,3.46178440670398e-05,0.000317563690950244
"g2011",101.016714269634,3.75816748614979,1.09693728662542,3.4260550096818,0.000612416337616065,0.00384152066322805
"g2013",20.0608439308281,-6.69740076358785,2.26494743352877,-2.95697845541313,0.00310669824373309,0.0150314942463549
"g2016",31.8001688611186,2.59859210332601,0.633296906993534,4.10327616419662,4.0734053719521e-05,0.00035913857362711
"g2021",1594.0356534684,-2.88283818979485,0.82920880053634,-3.47661311352485,0.000507789980816726,0.00326260202249451
"g2023",145.248494448712,-2.24897488588098,0.821759430414222,-2.73678013618578,0.00620437443055336,0.0262569125901018
"g2056",21.0591104711542,-5.27798207937026,2.07398455020386,-2.54485120385853,0.0109324312494637,0.0412861282140881
"g214",167.320201145893,-3.04546335871388,0.715258897830149,-4.25784756813621,2.0640460403073e-05,0.000200959574599245
"g215",208.6836633709,-3.57613696210694,0.874625313990565,-4.0887645313974,4.33676797207207e-05,0.000380245898987756
"g2187",457.842785387251,1.50552691494258,0.355486784703623,4.23511359556662,2.28436197802424e-05,0.000218390509585811
"g2201",377.461751526106,2.73067196922398,0.524078186407982,5.21042859642744,1.8840488146979e-07,3.21503813862964e-06
"g2211",187.413691628265,-4.18667291413053,0.955385585704708,-4.38218136925561,1.1749693097538e-05,0.000123488496329754
"g2214",18.759241179869,-3.35029567638947,1.32159327133431,-2.53504292815212,0.0112433546923426,0.0416897287307189
"g2216",174.544428941869,-1.33436885600809,0.305594212131623,-4.36647293383082,1.26268926351451e-05,0.00013076079598415
"g2219",86.7720810328968,-5.45893258237044,0.962126390288846,-5.67382065128842,1.39647335822375e-08,2.99486921554201e-07
"g2232",496.382365674198,5.91208957292984,0.546769467241001,10.8127646606937,2.99505159767126e-27,3.96095573792024e-25
"g2234",29.3165713859293,2.99306984299293,1.19919034914513,2.49590888146041,0.0125634869044302,0.0452423190606363
"g2240",141.044980928571,-8.08089860839775,1.63130795109143,-4.95363159542697,7.28410565855269e-07,1.0508977891021e-05
"g2243",1678.84706052705,1.68655700585712,0.398387094551924,4.2334629532968,2.3012010501073e-05,0.000218682997995227
"g225",66.4409329829985,1.33942657458117,0.542650925156798,2.46830238830634,0.0135755585156579,0.0481351171577036
"g2250",23.9062830733602,-5.38410243705402,1.4220342207999,-3.78619751782446,0.000152970100014273,0.00115601689867929
"g2256",21541.6326087723,4.50678722622454,0.680409487508032,6.62363960080926,3.50460631538672e-11,1.13506331071811e-09
"g2258",242.170816982731,-4.83504478954618,0.821077763178399,-5.8886563567739,3.89348080030112e-09,9.50608312319672e-08
"g2262",685.437717412049,-1.9811099930584,0.780694273946917,-2.53762587887651,0.0111607222993656,0.0416897287307189
"g2265",278.30086898383,4.10815336220958,0.571979500195538,7.18234370428513,6.85263815001516e-13,2.93922614704704e-11
"g227",23.7385446511557,4.84198328769293,1.4183309620276,3.41385996451138,0.000640494870601252,0.00398613866527132
"g2271",9698.09395591782,1.76984433349653,0.628253187556349,2.81708771010062,0.00484612893814066,0.0218262144957448
"g2281",88.269647242107,-1.45945729540442,0.59537830421536,-2.45131084735749,0.0142336974219016,0.049755237463784
"g2300",646.104308341106,2.71734198666603,0.542784109484817,5.00630349927744,5.54852482759817e-07,8.46683548211375e-06
"g2302",2244.54085910852,-4.37811855218488,0.749633538728486,-5.84034508329358,5.20928058882608e-09,1.19813453543e-07
"g2303",13.667879488119,-4.69288082443099,1.59231585611539,-2.94720473102599,0.00320660825019292,0.0154208705850187
"g2308",1326.46926652675,2.67341696283163,0.460370101349994,5.80710379538565,6.3562735224039e-09,1.42076141972605e-07
"g2309",1276.88004208987,1.2347525354055,0.31308682437699,3.94380229146509,8.01997848589106e-05,0.000650890897972839
"g2312",50.2261708417997,-3.98720262685816,1.48127121703667,-2.69174380829101,0.00710795233821776,0.0294525335789859
"g2314",659.81869322962,2.87606432192552,0.413186067523923,6.96070014935583,3.38585745771525e-12,1.31057458180344e-10
"g2315",89.347433193524,-2.18152285833208,0.601804156303675,-3.62497140553358,0.000288993425551406,0.0019940546363047
"g2318",565.738931316782,1.27037646429332,0.260342295792959,4.87963917051574,1.06280105000835e-06,1.44159424475491e-05
"g2321",329.965038984492,1.33487798556271,0.454515361080025,2.93692600925689,0.00331483182425012,0.0158452954972438
"g2323",429.827286107523,1.41527979052316,0.220900219616562,6.406873623665,1.48533835774037e-10,4.36524439580365e-09
"g2335",1048.35826053636,10.5119801193535,1.20451423118778,8.72715311050124,2.61163406250962e-18,2.18140171431724e-16
"g2336",15871.8918341433,2.09406336766348,0.756687987986047,2.76740664700772,0.00565042255669987,0.0242357313445478
"g2337",1097.20721198998,2.77730766452325,0.923733201355889,3.00661236431322,0.00264176399247983,0.0132254872431088
"g2338",14711.1288508552,5.35463467580117,0.603450899062528,8.87335603297584,7.09739734002388e-19,6.62562916389288e-17
"g2339",430.383226014248,4.05067217151499,0.315854480188163,12.8244885717685,1.19572960615488e-37,4.74405721241949e-35
"g2343",327.478001019724,-7.14030365995893,1.31290421198061,-5.43855644212402,5.3713994150733e-08,1.00287186726133e-06
"g235",120.790626318368,-3.99462475172764,1.01019776858931,-3.95429971826799,7.67591390833567e-05,0.000627921410955088
"g2355",22.7390769419005,-5.53760351391765,1.94107712379883,-2.85285084555536,0.00433289533252356,0.0199313185296084
"g2356",99.9119267479399,-3.96959834075725,1.02598640764359,-3.86905548765926,0.00010925777776138,0.000854148242893155
"g2357",6762.58371256104,-1.1515688680761,0.355940054237362,-3.23528879193845,0.00121519752741246,0.00686305507474583
"g2360",40.3923097246775,-5.96407145451508,2.06452092928191,-2.8888403938775,0.00386665278719808,0.0181549644179981
"g2365",283.679304990945,2.49816561062789,0.4478318857343,5.57835582995994,2.42802589213232e-08,4.87756593773922e-07
"g2372",629.634582467237,1.69871065269892,0.466845048975457,3.63870336940903,0.000274014196042733,0.00191715345889436
"g2373",551.602983837085,0.847724141132412,0.248970480933763,3.40491827767302,0.000661838567841073,0.00408691753760227
"g2380",73.0110832002576,-1.76364666110526,0.58054737429538,-3.03790308800522,0.00238230555405677,0.0120789741670546
"g2384",166.975180529034,-1.33032736278368,0.515361980081124,-2.58134556719583,0.00984160130141505,0.038398043361999
"g239",320.027857156365,2.75491782031297,0.394127275212376,6.98991923060509,2.75044541265349e-12,1.09123921747027e-10
"g2391",18.1240051102093,-7.32669222382506,2.29961862753324,-3.18604664969351,0.00144231338706404,0.00792024686944854
"g2392",6625.19609386355,4.93234965433687,0.913995298556661,5.39647158155607,6.79641706341807e-08,1.23976021605109e-06
"g2393",591.816633381868,4.82796271862759,1.18723632828436,4.06655575103933,4.77130747349859e-05,0.000415059932202394
"g2394",303.578104665915,1.14700553227286,0.382178106817834,3.00123296392691,0.00268888763456957,0.0134190713083708
"g240",238.508847045622,2.11102972967349,0.527816441083964,3.99955280918895,6.34622860737809e-05,0.000530077094732054
"g241",238.64773392308,1.89732925987419,0.324452256144496,5.84779185209058,4.98141334880599e-09,1.16257396831693e-07
"g242",110.587781782132,-6.47046936120514,1.31807619843199,-4.90902526644709,9.15301863705246e-07,1.26311657191324e-05
"g2427",261.624970212212,-0.728331413211709,0.236700133861474,-3.07702155182538,0.00209080183561617,0.0108790246331897
"g2432",52.4917660351335,9.06796507815712,1.9025047430907,4.76632981394087,1.87612058386894e-06,2.30806462527132e-05
"g2444",147.988166532176,2.30197886392126,0.753880415802514,3.05350665127807,0.00226183707782481,0.011541914606135
"g2445",7378.51109867945,-1.57976573941484,0.619473933659722,-2.55017306391234,0.0107669456390195,0.0411550020170404
"g2447",1281.60851360803,2.45149102232723,0.491629236467063,4.9864630507821,6.14946603290533e-07,9.14149281178898e-06
"g2448",72.8585556136864,2.99925205128056,0.851618603292351,3.52182542711663,0.000428586274420973,0.00281060503101688
"g2454",894.636835906136,2.26246394836819,0.509876623321197,4.43727726450983,9.11039130092154e-06,9.90287054422088e-05
"g2459",30.6615973004435,-6.0081630496668,1.8001265493237,-3.33763370798794,0.000844950571538761,0.0050601379510642
"g2464",1895.93631233213,6.31554347241922,0.652533451890127,9.67849763736347,3.72144227039465e-22,4.21852063079737e-20
"g2468",182.616867720384,-2.77115387256438,0.351416310744097,-7.8856723146876,3.12846563027312e-15,1.65495831841448e-13
"g2469",265.481268348211,-3.23749855109063,0.505273786034569,-6.40741443663403,1.48008098732617e-10,4.36524439580365e-09
"g2471",543.609487898433,-1.02771256797105,0.404569726948862,-2.54026067575974,0.0110769874615059,0.0415583430293377
"g2475",2263.01900303146,3.18700277691026,0.427218136326848,7.45989579073488,8.6590938052285e-14,4.29436933403051e-12
"g2477",579.294511126799,-3.13504030139646,0.391672876304129,-8.0042313140983,1.20215229852538e-15,6.81362749199919e-14
"g2483",324.826157132337,-7.71059957318505,2.9688577131881,-2.59716036202524,0.00939980284565721,0.0371081769056169
"g2484",338.700837074171,-8.08882093292583,2.89659126007865,-2.79253101547583,0.00522974537296866,0.0229716468789656
"g2488",126.861704829553,-2.58851306056601,0.693095317151,-3.73471439859992,0.000187928334189768,0.00138717333190308
"g2494",65.9984503929456,-2.28469031279601,0.710134582166975,-3.21726384007983,0.00129419523796035,0.0072575542142865
"g2497",1069.43204092191,1.09244625459476,0.265423884325623,4.11585512498397,3.85746558447557e-05,0.000343921229357457
"g2505",767.176719928536,3.56483704213827,0.650149401067878,5.48310440074694,4.17926210389111e-08,7.99095055286167e-07
"g2506",52.9523175068327,2.25725539150119,0.891803229460166,2.53111372210164,0.0113700977530008,0.041937087842211
"g2507",218.698933215142,6.40760674304403,0.771482216786781,8.30557931682687,9.933358893906e-17,6.56843356859534e-15
"g251",44.1103705546531,-6.91578607449128,1.53924114278678,-4.49298416099399,7.02320101060581e-06,7.84916901678269e-05
"g2519",8.79280572764904,-7.52434223775683,2.8785552034817,-2.61393015102018,0.008950733325804,0.0356904869046506
"g2523",131.958050885671,-5.58593390813631,1.6958793656716,-3.29382739197618,0.000988331696247719,0.00583078959830903
"g253",219.333374610511,1.21602095981085,0.373443448668208,3.25623856610012,0.00112898847221372,0.00644498095468766
"g2541",736.70838627384,2.03001179921336,0.360118545494953,5.63706541806469,1.72972417017424e-08,3.56502890657989e-07
"g2543",7595.68729305324,1.58003792947991,0.482869956802396,3.27218106494562,0.0010672120522138,0.00615534816795827
"g255",54.1218288015711,3.22408597428484,0.739377939494864,4.36053850414783,1.29742748046534e-05,0.000132839832999903
"g2552",385.104955399357,-1.11808781387276,0.270547834254093,-4.13268070304593,3.58556669484943e-05,0.00032702841061644
"g2557",131.698437173773,-2.75051284803225,0.588452427504412,-4.67414648911722,2.9517859430084e-06,3.44447374378995e-05
"g2568",78.2942488537681,-2.78048626570305,0.901734145525108,-3.0834878323077,0.00204589476368488,0.0106803782564734
"g2573",1106.39920135011,2.93094445661069,0.504477413281381,5.8098626012735,6.25241347751517e-09,1.41751145554523e-07
"g259",280.875379595475,-2.56310228962744,0.890096973388375,-2.8795764576868,0.00398209730021984,0.0186418537328876
"g2605",19831.2745961233,3.11482868015617,0.62813127369529,4.95888170291484,7.09001217332382e-07,1.03227975404265e-05
"g2611",333.290731956255,2.35560849346588,0.354863745672157,6.63806467184767,3.17828422927535e-11,1.05082022330416e-09
"g2612",89.4225274269871,2.05788756660851,0.562342883584667,3.65948894647774,0.000252718743176191,0.00180659750189466
"g2637",214.522538857459,-3.09382404323082,0.706704955119154,-4.3778156935509,1.19874652937237e-05,0.000125158601454866
"g2640",24.740371444343,-5.60511686747697,1.7695224135146,-3.16758738101777,0.00153709509586656,0.00832549459774821
"g2642",92.3701378071057,-3.29745961685496,0.92040269277638,-3.58262708565989,0.0003401560383666,0.00225869302463512
"g2647",32742.509075708,8.10980076705826,0.389390053666937,20.8269335353772,2.4676296233066e-96,1.95806410609379e-93
"g2648",287.311707239049,5.33880505855408,0.638555391196993,8.36075481023864,6.23182432571541e-17,4.49541145677743e-15
"g265",31.8901956063898,-3.50104269364021,1.25033525466131,-2.80008316216644,0.00510894428192148,0.022615721707679
"g2650",15.6534382971116,3.28991563975674,1.0913472036455,3.01454535162339,0.0025736473058096,0.0129252477035438
"g2651",8103.28551681981,5.23705827784497,0.421026367357459,12.4387893107859,1.60924558080409e-35,5.10774547347217e-33
"g2652",274.689135301651,2.56237042842416,0.324394231430373,7.89893956229039,2.81286221955588e-15,1.53931460083972e-13
"g2655",194.428652608906,1.48827647175122,0.498909809297415,2.98305714583377,0.00285384703966982,0.0140218428853127
"g2659",50.6959543455799,-5.00932743504207,1.99561871662827,-2.51016258431653,0.0120675586442756,0.0439248063496914
"g2664",177.966832207163,-2.92452759611413,1.09429634580162,-2.67251883581113,0.00752841478823403,0.030792768734349
"g2665",14318.0135379346,4.72410014869049,0.335045864992907,14.0998610706343,3.80518074607461e-45,2.01294061467347e-42
"g2667",693.376117044555,-1.43955862908455,0.492220366699202,-2.92462223523609,0.00344874603347208,0.0163377909108065
"g2672",5985.05641589567,1.34126887662921,0.32297336767692,4.15287763903468,3.28320315167807e-05,0.000304323332111198
"g2673",178.658072387289,1.46516244683187,0.570371624789817,2.56878565333923,0.0102055561406148,0.0393466939854469
"g2674",353.304999018642,2.20584004877238,0.518532431425723,4.25400595042309,2.09979717121772e-05,0.000203193787239178
"g2675",83.0111507060736,-3.65485397541199,1.18261340595322,-3.09048921398458,0.00199827062306908,0.010466189699045
"g2681",2764.00981496223,1.83163596950392,0.408835209082475,4.48013265201534,7.45966632529572e-06,8.22117392933633e-05
"g2684",397.266412025848,0.772859014157813,0.273271634198196,2.8281713776311,0.00468147376145428,0.0213491346535286
"g2690",205.208992687093,-6.102495591872,2.19034819588307,-2.78608469801382,0.00533489302138117,0.0232595473212415
"g2691",65.0320511261281,-2.23952375728552,0.461512563579212,-4.8525737629267,1.21869432940009e-06,1.5984032237669e-05
"g2694",206.740320905625,-4.13962794565925,0.68206139732888,-6.06928930719588,1.28477521116176e-09,3.23640993668842e-08
"g2697",690.317313301026,3.44794207749605,1.01168035564072,3.40813386191768,0.000654087988232546,0.00405483452080098
"g2699",17.6996232364436,-7.70748453777153,2.80143963101717,-2.75125847883184,0.00593667792443729,0.025191197502893
"g2700",460.51749214111,-3.98149755435976,0.484225321924596,-8.2224067476169,1.99459380482367e-16,1.21746937240583e-14
"g2702",210.563303097633,-3.75485148966277,0.938543657449478,-4.00072118101219,6.31497302015495e-05,0.000530077094732054
"g2709",172.030810501284,-2.04067222622199,0.827130768457167,-2.46717000992288,0.0136185681183421,0.0481351171577036
"g2716",464.563979486067,-4.03324633355482,0.83762340872877,-4.8151069938171,1.47121041136113e-06,1.90755679778335e-05
"g272",58.0046123519361,-1.56340856893535,0.509031101993456,-3.07134193335685,0.00213098960281661,0.0110158973930618
"g2726",29.5991881302148,-5.30709209329092,2.02034796188513,-2.6268208216663,0.00861867038156027,0.0345399744836771
"g273",68.5234569497097,-3.8561701851414,1.05982240060263,-3.63850602039428,0.000274224218758046,0.00191715345889436
"g2730",57.583204426049,-4.47233204053848,1.35033439221655,-3.31201816847545,0.000926255302717115,0.0054849521097465
"g2731",215.846861237569,4.92948584805199,0.873162277740165,5.64555521203918,1.64649019178053e-08,3.43813149257329e-07
"g2732",474.052255522828,-5.71791831843597,1.0206441853277,-5.60226413928972,2.11569818676444e-08,4.30463207999381e-07
"g2733",965.873873109257,-1.08229454429451,0.414411632084772,-2.61164132591992,0.00901087356590108,0.0358402414764035
"g2737",1589.45654559551,2.43486310427364,0.342666368932269,7.10563780116662,1.19768135574425e-12,4.87364182452854e-11
"g2738",6052.84493913841,4.75100344062713,0.992243675277631,4.78814182342638,1.68332674540343e-06,2.10349570468917e-05
"g2747",2872.07516675331,1.87961755435132,0.358970425765763,5.23613484409385,1.63974174201308e-07,2.85963752151073e-06
"g2753",1160.18318147744,-1.52975845527548,0.16695911450793,-9.16247345815208,5.07211637149094e-20,5.36629912103741e-18
"g2755",332.587633779324,1.38632964673895,0.564421380608848,2.45619619377901,0.0140416473848318,0.0491922613680533
"g2762",1201.65257175073,0.882831282558479,0.25385892583533,3.47764523013519,0.000505838941067904,0.00326260202249451
"g2769",359.0027894325,-0.864498239610384,0.311111757383575,-2.77873856931909,0.00545704247227519,0.0237269216534266
"g2771",65.2564664497808,-4.53400262664249,1.70660338695259,-2.65674067056592,0.00789001108209384,0.0319424683349054
"g2778",1211.4734211826,-5.59470618123754,0.459839186758916,-12.1666581325326,4.67847614120831e-34,1.06067737658537e-31
"g278",70.7254446181719,1.84413068122963,0.601625272393101,3.06524803037974,0.00217489550062967,0.0112063609074652
"g2781",211.32404506324,-1.9740277793348,0.545174047596045,-3.6209129690588,0.000293565262107948,0.00201536882698025
"g2782",400.418261306589,-1.87285467968243,0.669042737675366,-2.79930499834702,0.00512127387624667,0.022615721707679
"g2784",153.688750119353,0.863664327086449,0.270024347294709,3.19846834457424,0.00138159700308594,0.00766641413950135
"g2793",96.8391131896046,-5.35831094554488,1.59834341103344,-3.3524153248646,0.000801097424519993,0.00484403077188725
"g2795",184.094338514528,-2.57205283908212,0.786217323473468,-3.27142732968401,0.00107006085468013,0.00615534816795827
"g2800",20.6983354713443,-3.31994204128659,1.24684041181388,-2.6626840210102,0.0077520169715228,0.0315447459841197
"g2805",444.850877758566,1.86525476783646,0.606992099651576,3.07294735616353,0.00211955875526921,0.0109926135444844
"g2806",1465.22748251935,1.87530626224682,0.277481674480153,6.75830670893891,1.39613743448731e-11,4.7141917202795e-10
"g2812",5316.25337204139,0.980435002551457,0.163519161154105,5.99584168382242,2.02434167118888e-09,5.01973473777617e-08
"g2813",3388.14066493625,1.05938958911957,0.253888549620075,4.17265603629965,3.01069278351557e-05,0.00028272008564729
"g2814",641.484938140948,-3.40985610162301,0.847054221771792,-4.02554643372248,5.68431618781595e-05,0.000485000526347523
"g2818",287.412579806478,1.45506176081528,0.375330681184268,3.87674611684867,0.000105862720207493,0.00083584147745916
"g282",67.8144686761707,-6.1632885103223,1.30092636601062,-4.73761518818507,2.16247944178354e-06,2.5998900561443e-05
"g2821",71.1746835914999,-3.62127970889811,1.20827802870407,-2.99705831180435,0.00272598565031275,0.0135615649750669
"g2824",32.7518053207335,-4.71424890033031,1.91333853067303,-2.46388646063174,0.0137439640778392,0.0483629068548356
"g2825",144.249856808547,-3.39446693615764,0.464964202851055,-7.30049090950128,2.86719665410542e-13,1.26395585835147e-11
"g2826",269.95399587285,6.64634412235977,1.04130455174966,6.3827091807024,1.73982126738271e-10,5.02017518424792e-09
"g2831",2259.51522150585,-2.90186719823519,0.936199544715761,-3.09962466294109,0.00193766017013582,0.0102502223000185
"g2834",128.662521456684,0.935898934091304,0.367776752229923,2.54474740020057,0.010935681422109,0.0412861282140881
"g2835",78.0962586835698,3.79391627729139,0.821159761359309,4.62019262976442,3.8338392704285e-06,4.40891516099278e-05
"g2840",101.303461300606,3.30071267374622,0.634897753582796,5.19880981641523,2.00568606382589e-07,3.38619551414009e-06
"g2849",234.487778284341,1.69908563344059,0.45788557905646,3.71072099921077,0.000206669782712857,0.00149764815143975
"g2860",940.928470124109,1.01917604331453,0.247354258242652,4.12030927041783,3.78364172108326e-05,0.000339245164483567
"g2865",409.639589636847,-6.4760829224241,1.90895267336009,-3.3924795584508,0.000692630998537875,0.00426048602588995
"g287",119.521843145756,-2.72566511265093,0.656497303935083,-4.15182986481915,3.29827429887373e-05,0.000304323332111198
"g2876",899.651618841166,5.30124449840331,0.428342616024372,12.3761780875468,3.51695637078609e-35,9.30234960072922e-33
"g288",1708.71891242623,2.26590094107772,0.788047191544562,2.87533661104304,0.00403596970763493,0.0187832373196969
"g2880",68.3203469923144,-4.75154175245633,1.27042073239779,-3.74013240754366,0.000183923343180854,0.00136395488611222
"g2884",141.989216588658,1.03882010492682,0.356894135473519,2.91072338173485,0.00360593103140057,0.0170315849608116
"g2888",211.792313053364,-1.03030648056896,0.299507673965562,-3.44000027420809,0.000581713597213519,0.00367800589154524
"g2890",87.9783819552795,-2.34836082764722,0.700618126134896,-3.35184138127061,0.000802759982990767,0.00484403077188725
"g2903",1010.9463948671,1.56683412219301,0.314658811459489,4.97947003271743,6.37586240172345e-07,9.36897558475473e-06
"g2905",3138.93077829666,1.66174387998977,0.537351615173082,3.09247024307263,0.00198498133475523,0.0104656657084935
"g2912",344.813988821661,2.14811590110992,0.49485586499512,4.34089207193919,1.41905416935201e-05,0.000142534111820357
"g2917",173.087233474113,-2.42598903032699,0.813700335187944,-2.98142808281706,0.00286907425496833,0.0140531507488726
"g2919",5603.26513577866,2.32775904869075,0.711567305551256,3.27131253857626,0.00107049533355796,0.00615534816795827
"g303",46.6233371736352,-5.93414643168764,1.84546914138817,-3.21552189554573,0.00130207561385718,0.00727603520842022
"g304",564.338486947228,-2.2613127302101,0.4714344325333,-4.79666433794136,1.61329606276101e-06,2.03198480285852e-05
"g309",19.0783790367584,-5.11032330486309,1.60731928014054,-3.17940770573986,0.00147576357673021,0.00807598895265807
"g327",239.037424432575,-3.21937392603693,0.687682543778388,-4.68148269163336,2.8480744745458e-06,3.39841668504074e-05
"g339",146.68462495798,1.38569735746797,0.391318619411254,3.54109742989684,0.000398466408916357,0.00262755656295921
"g346",324.950143218311,1.52940469331423,0.612824065938454,2.49566682890001,0.0125720621964339,0.0452423190606363
"g361",20.191979066719,-4.34190368967198,1.61823343308376,-2.68311332648586,0.00729402689150958,0.0300926202063897
"g362",31.0305059667318,-3.37015278754148,1.10921448009087,-3.03832383009046,0.00237898157680001,0.0120789741670546
"g380",19.13332617302,-3.73631575362568,1.32322866068034,-2.82363575143895,0.00474823132417816,0.0215586101960731
"g387",650.836048079409,-0.69800946710115,0.210083971779717,-3.32252604131574,0.00089206344239793,0.00531038872950437
"g414",297.444044732293,-2.80341059484361,0.274047483686299,-10.2296527489837,1.46042096407002e-24,1.78283697690702e-22
"g418",93.6881584858604,1.94239432154947,0.765738684246552,2.5366281755253,0.0111925761440077,0.0416897287307189
"g423",1500.36762443434,2.99882650607585,0.944562988581257,3.17482956915358,0.00149924530284388,0.00817629654849911
"g425",100.584546427537,-4.66213174935388,1.62609054497252,-2.86708004284759,0.00414278220135752,0.0191679164826658
"g426",140.529482096881,-1.55007746704192,0.426263367261322,-3.63643133821454,0.000276441285199025,0.00192417684039848
"g446",582.742976790769,4.07487503545064,0.557649292341999,7.30723609158922,2.7269319253625e-13,1.23646884730008e-11
"g447",214.456137535704,2.31605391979065,0.593913954636548,3.8996455660113,9.63336059068856e-05,0.000768248404895615
"g459",40.9914575822922,3.36498060007917,1.19473415237989,2.8165099268119,0.00485485426401886,0.0218262144957448
"g460",26545.1301146016,2.73303583530126,0.464407853282086,5.88499056591359,3.98076698460103e-09,9.57193515842702e-08
"g462",162.350460985144,-3.13191884344649,0.6433217984725,-4.8683549211031,1.12531090534892e-06,1.51344780236334e-05
"g475",96.5070557638721,-7.52983658284848,2.67489385037181,-2.81500388578105,0.00487766441094031,0.0218668175710799
"g478",73.1019794104213,-3.71943437540697,0.905997672671089,-4.1053465009918,4.03709285571226e-05,0.000357925495084657
"g481",312.756160347091,-9.57869359461495,2.51371586624538,-3.81057132321093,0.000138646003656106,0.00105924540131705
"g489",1945.83440234967,2.6212995676807,0.480795228732964,5.45200827925975,4.98041367358275e-08,9.40942440473313e-07
"g491",75.546594651223,-3.56214114487688,0.914278947212619,-3.89612071429278,9.77456850060428e-05,0.000775612010522949
"g492",110.097089860187,-3.86736021697504,0.953599621869265,-4.05553874842584,5.0018879286117e-05,0.000431412833842759
"g500",30.727248383906,-6.30992965690444,2.13479880145545,-2.95574910975334,0.00311910700839092,0.01504566207391
"g519",18733.3600739038,3.36245778040357,0.644296105075744,5.21880817517635,1.80078149780641e-07,3.10634808371605e-06
"g520",309.193005524837,-1.23091992086463,0.245631344855055,-5.01124936473799,5.40777836370016e-07,8.46683548211375e-06
"g524",124.922832749118,-3.5716864053104,0.72259397607933,-4.94286767333677,7.69817375500719e-07,1.10063078821589e-05
"g534",267.773149205475,-7.23066271306297,1.99462957502766,-3.62506542748053,0.000288888304463484,0.0019940546363047
"g538",435.892171072561,2.44576184607687,0.354702699615013,6.89524452092261,5.37722294801844e-12,2.03182209964411e-10
"g550",2886.96159896907,1.55249348481969,0.615682704756315,2.52158047128213,0.0116828950150541,0.0427206322324674
"g554",40.105178815736,3.61112826929086,1.22807916270755,2.94046864318534,0.00327716169586439,0.0157125547170296
"g558",1847.21237040866,1.59147723442501,0.322959529499948,4.92779153130783,8.31642804512805e-07,1.15773432522967e-05
"g559",730.849037253227,1.3199803839313,0.526668181413114,2.50628465989654,0.0122007350275606,0.0443079324685096
"g561",311.731082700694,-1.65981174261553,0.44534219523499,-3.72704801021541,0.000193735565465882,0.00141975341689183
"g562",48.8469549612028,-4.61921330835127,1.36712654053659,-3.37877524236949,0.000728095072219868,0.00446133930352483
"g563",39.0471773960322,-9.69915511005593,2.28312891425746,-4.24818548330214,2.15508934265793e-05,0.0002072804113211
"g565",120.203017239573,-1.3431802291499,0.519261310409108,-2.58671347590225,0.00968961280282847,0.0380629096982396
"g568",447.942236997747,-1.21710144876347,0.40888621541273,-2.97662626639278,0.00291439044235876,0.014231192713918
"g569",44.2799904404102,-2.12759179852235,0.784807555396907,-2.71097262493395,0.0067086164636741,0.0280173008627652
"g570",150.575543911172,-1.41779840650974,0.303171981916805,-4.67654826658358,2.91743955909585e-06,3.42961228169267e-05
"g577",50.0444012896812,-2.37667199512511,0.888253341174982,-2.67566907429951,0.00745802449383431,0.030583681839057
"g579",25.6658277140814,-2.95099661496818,1.09995930866248,-2.68282343876567,0.00730035209795843,0.0300926202063897
"g595",12022.3425181825,3.51262106454165,0.731110473173142,4.80450108900271,1.5513785681628e-06,1.98551434489868e-05
"g598",8.293217876043,-7.08412764196478,2.77885747470956,-2.54929506332642,0.0107940931180162,0.0411550020170404
"g601",1194.20135686842,3.35511623862228,0.549382884214736,6.10706364363342,1.01480780795683e-09,2.69721848717096e-08
"g602",1665.68692272138,3.22267954405896,0.435299987784339,7.40335316906917,1.32787973257157e-13,6.385894350276e-12
"g607",822.596727823635,-4.85110893579825,1.28438126676894,-3.77700069388426,0.000158728289509623,0.00119384737180935
"g609",168.33422065961,-6.69131522793143,2.18889103100808,-3.05694305159166,0.00223606754015744,0.0114842692110998
"g611",121.732208725347,-2.27790779326341,0.366659688557666,-6.21259403296841,5.21169728070776e-10,1.45104624289179e-08
"g613",3249.65162325915,-2.77661707562727,0.486681721187438,-5.70520106827249,1.16205830725654e-08,2.52628292276182e-07
"g615",459.535112086993,-7.10176672042536,1.28020159637595,-5.54738155344389,2.89979474874998e-08,5.75246783283277e-07
"g621",1012.58272453493,1.00293086719067,0.366975947850877,2.73296076504233,0.00627678088612704,0.0264926895379883
"g622",1738.54066587917,1.40722583508145,0.541676320416969,2.59790908710613,0.00937933229445047,0.0371081769056169
"g633",4724.87621054136,1.4498669033241,0.332126654222657,4.36540363409712,1.26888233028097e-05,0.00013076079598415
"g639",186.176275889852,-3.1616153852285,0.877837521188469,-3.6015951801059,0.000316270588216985,0.00213583584468237
"g640",202.505406938699,-3.35666222306736,0.93049224361131,-3.6074048398726,0.000309274909447013,0.00209751829612141
"g643",4211.82990700984,1.58153996424282,0.569380473028237,2.7776505151844,0.00547534744403456,0.0237414655565105
"g649",1888.25609655025,-1.07187496829216,0.421695075317976,-2.54182472366773,0.0110275458328331,0.0414708891865075
"g654",161.290906150764,2.26553004715576,0.522821843854915,4.33327351139609,1.46908408106041e-05,0.000146631222430369
"g663",55.7872093708404,-3.9315705617652,1.45155695909481,-2.708519660308,0.00675841077674951,0.0281511755976416
"g668",344.630372921091,1.11856897175283,0.400647533683664,2.79190280161816,0.00523990936999719,0.0229716468789656
"g673",1054.37325385097,1.04333253462203,0.424506119208259,2.45775617220298,0.0139808059868255,0.0490874758873718
"g674",1863.0043121591,-1.40407688950208,0.280281477028346,-5.00952436953257,5.4564717530535e-07,8.46683548211375e-06
"g679",35.7316648990929,-5.44881830476982,1.34014832950244,-4.06583225514507,4.78613532407298e-05,0.000415059932202394
"g682",1443.4999538568,4.18064981860585,0.384309277035305,10.8783473843172,1.46189285635451e-27,2.10911269366782e-25
"g686",37.0421063143172,-3.24388021705309,0.778961280567121,-4.16436644282421,3.12218323541894e-05,0.000291464987918227
"g698",16.7783878551986,-6.43583443877734,2.21238385669546,-2.90900442945298,0.00362581722770359,0.0170746941850611
"g704",889.91810155772,1.80422663406471,0.358964834604769,5.02619326500664,5.00311693430906e-07,7.93994657474847e-06
"g713",1555.51511966569,-1.66813521494613,0.274377510535616,-6.07970825192537,1.20401415254574e-09,3.08188783885497e-08
"g725",336.177694576499,-3.96631275367496,0.440047107606277,-9.01338217003744,1.99797570000117e-19,1.98174214743866e-17
"g730",31.2856305394906,-5.27649233324902,1.44913671286507,-3.64112804982832,0.000271446077695486,0.00191459966801216
"g731",750.881635494208,-1.06486944496577,0.336153417050137,-3.16780788459736,0.00153592980765548,0.00832549459774821
"g742",195.581203799191,-1.84448186167505,0.394177270907951,-4.67932069605751,2.87826943209897e-06,3.40881611100079e-05
"g750",576.375139284274,0.438061238557313,0.157831789471426,2.77549434131341,0.0055117858488698,0.0238343437115977
"g753",78.6929847172929,-6.35404992588884,1.51798569725366,-4.18584307967104,2.841095828592e-05,0.00026838208809378
"g764",2277.27150122726,3.49942343815869,0.66409115956582,5.26949258057673,1.36801399985375e-07,2.41226468640878e-06
"g768",271.458784858541,-3.30283643768688,0.448472637264083,-7.36463311972813,1.77634715807037e-13,8.29136158781671e-12
"g796",45.7127763909377,-2.73710834259438,0.756110811992033,-3.61998307547442,0.000294622285985771,0.00201536882698025
"g813",80.0036286306344,-6.75945658005322,1.82530066158545,-3.70320173673854,0.000212895450480593,0.00153575036323955
"g844",806.194508191351,0.616648980683722,0.239315886769083,2.57671560801448,0.00997439776939154,0.0387026143276879
"g848",988.977581203061,1.4319076941003,0.508286059879245,2.81712957943502,0.00484549720500459,0.0218262144957448
"g856",26.3518587283285,3.6883829777849,0.962854442758692,3.83067555592021,0.000127791918288595,0.000984494050116504
"g857",76.3538703014271,-6.04711411359371,1.60852787349581,-3.75940896843244,0.000170315233421851,0.00127495412943621
"g861",276.527865403572,-1.69560626180243,0.6577692660578,-2.57781314710048,0.00994277463819762,0.0386744689971069
"g866",97.0012148633748,-3.62604473589745,0.824669756401169,-4.39696582510966,1.09774620858187e-05,0.000117711029258069
"g874",44.4126588376453,-3.79647753029441,1.35403000100512,-2.80383560739143,0.00504986457858176,0.0225116154107002
"g876",207.655468229,1.54539152500064,0.390013970494122,3.96240043156077,7.41999549906584e-05,0.000610131236114896
"g878",324.285455870119,-2.12440427490166,0.548223436629445,-3.87507015016141,0.000106593987497206,0.000837448802762703
"g879",2279.32204886329,-1.17452203164569,0.247043656248939,-4.75430962073423,1.99125677515165e-06,2.43086500166589e-05
"g880",16.1291635623661,-8.10966354819882,2.73890169150195,-2.96091808382932,0.00306723507030352,0.0148859390109226
"g881",123.30404375656,-1.76041901022201,0.565201789500863,-3.11467345454914,0.00184148649749971,0.00987310497139204
"g887",341.698644658539,-6.90224669289666,1.43374831999304,-4.8141271355981,1.47844666746914e-06,1.90755679778335e-05
"g890",589.072821933331,-1.51888154398535,0.500537865649389,-3.03449878265409,0.00240935727828198,0.0121772293013806
"g894",193.754150382742,1.05277976048804,0.344501697098634,3.05594941724371,0.00224349100923322,0.0114852265537198
"g897",132.064910073669,1.76059217610081,0.710778427338591,2.47699157484717,0.013249502956774,0.0472515981851691
"g900",1004.69010630307,3.56319808656253,0.55308415605895,6.44241576535552,1.17586629025503e-10,3.58865346660527e-09
"g901",625.361148038414,3.25314557124288,0.615312812871621,5.28697843306835,1.2435329431086e-07,2.21740087720602e-06
"g906",317.827205431011,1.56866488529548,0.227974261485222,6.88088591701467,5.94814735833282e-12,2.19528136224981e-10
"g907",89.8726197276098,-1.62281036459557,0.516170329325548,-3.14394352483609,0.00166687605419434,0.00899772890478375
"g91",501.354966382724,1.75067957823237,0.58644668895704,2.98523226611756,0.00283363073102171,0.013991656682314
"g910",139.580436065912,-2.22869573517527,0.670869775392175,-3.32209888852487,0.000893430239935519,0.00531038872950437
"g925",202.034606123863,-4.36542726821934,0.75430325880367,-5.78736365946891,7.14996778409784e-09,1.5759720657449e-07
"g929",61.3593560751189,2.03603437423272,0.49369863347612,4.12404296098016,3.72279410702461e-05,0.000337604242734174
"g933",161.516658069647,-1.74759748096466,0.596280142950542,-2.93083293419283,0.00338054531270552,0.0161108871209119
"g948",109.198410837103,-1.21302758001201,0.342592257432828,-3.540732616381,0.000399017726322098,0.00262755656295921
"g95",89.8383468005438,-6.09507970768225,1.2363758779873,-4.9297950697683,8.23159192966199e-07,1.15606516746669e-05
"g955",63.3724327521995,-6.22234565099061,1.84603904598186,-3.37064682598904,0.00074991931401794,0.00457739212056335
"g956",27.322695950162,-5.27608183944186,1.70685609471189,-3.09111111111709,0.00199408999847406,0.010466189699045
"g957",252.208846037504,5.75257543405571,1.15374003681938,4.98602393127865,6.16345136018538e-07,9.14149281178898e-06
"g959",2097.30420021861,1.45489417354818,0.41425917082212,3.51203854017488,0.000444683508033599,0.00289226527561198
"g961",3875.00570420329,3.16020683934816,0.719097456054689,4.39468504962674,1.109334705431e-05,0.000118155313927449
"g973",31.8593153050431,-5.9689314618998,2.15551808857687,-2.7691400473659,0.00562044703508175,0.0241724917199857
"g978",1124.20780493195,-2.95582807628388,0.884775346697046,-3.34076676900896,0.000835473745538851,0.00502233649306878
"g992",27.8084788168072,-5.65917136702053,1.55216830097721,-3.64597792871922,0.000266376839759574,0.00189569526770603
"g995",36.292258732759,-3.83291984883579,1.53232013554824,-2.50138320310228,0.0123709240112656,0.0448234164517776
